path,bytes,sha256,category
.gitattributes,89,d22a4f6aaa7140593eea8b9010dca9fff35b1bd563a4f7a0be894c470dc189bb,publication_documentation_or_helper
.gitignore,339,d6ee049322aa8e4767b7c1e735704e248602fed8b5c998a085bd2fa48bcad90b,publication_documentation_or_helper
data_driven_alpha_beta/evaluation/frozen_manifest.json,23117,f1b5c370b4caf9249f4535db0b72656a8865f2e8dba3cdf29f151b4351d624a3,frozen_scientific_provenance
data_driven_alpha_beta/M0/config.yaml,1665,3cf9ace7778d393944a1460633c9605607aab507bcd12f292dda725210117805,frozen_experiment_config
data_driven_alpha_beta/M1/config.yaml,1673,381b4d97b3e39b29b8551d8b123d35b4d2f1513903855b78e1944cf5e76653e4,frozen_experiment_config
data_driven_alpha_beta/M2/config.yaml,1635,d64c14225817c5d6bde736e39164b774d3f2e1e9967a024e1022231142c7a29b,frozen_experiment_config
data_driven_alpha_beta/M3/config.yaml,1633,beaa26fa7872bbc853af53c105a0540bc61eea2ad6408f20c2f13bd94c3fe81a,frozen_experiment_config
data_driven_alpha_beta/M5/config.yaml,1573,a442ec09afe7752aaa15633da941f09f1c066f7ca0120e8a54ec118190e0eee2,frozen_experiment_config
data_driven_alpha_beta/weights/alpha_data_driven.nc,3577303,e68cd4c9f248e6c97ff00b77c16fdb54749108c428de55de75884d692d4d972f,processed_reliability_weights
data_driven_alpha_beta/weights/beta_data_driven.nc,9103896,757715d20afd21f87e880e623de0dfc6ac34643a7c7c6d04200b21f5fe175f6e,processed_reliability_weights
data_driven_alpha_beta/weights/beta_source_count.nc,2359556,503cbb27ee12007f8fe20896b3c458042b7a066d1b9528f8ae3ba17eceb580d6,processed_reliability_weights
data_driven_alpha_beta/weights/validation_report.json,3333,89561aee3b784ed2d486db41eba3d013951897cf3194059c880532612b9ef445,processed_reliability_weights
data_driven_alpha_beta/weights/weight_generation_metadata.json,6754,7f74996145c3b58af16f98c1b8c063ac9d3b7133f1dc1d710d3df67593ec9107,processed_reliability_weights
data_processed/full_model_smap_test_smap_monthly_overlap.nc,37343349,4c44a43565f6e7787fa1e2efe2431400899f0843d6e02b749c395c71589da944,processed_smap_observations
data_processed/training_rescue_v2/grace_downscaling_missing_supervision_months.csv,330,4d69012f2e33f4dcf06a2e1a0af6f25bc5aa7203074b2680ebc365ba5c0dd12f,processed_month_index
provenance/omitted_large_data.csv,2383,c7e932f969b77ddd7a706b99598b561cc8aad155b8db463f30983ad1121f6664,publication_documentation_or_helper
provenance/publication_changes.csv,1223,5c5331fff1964b4e8dad73d6907951dd6a6bdbd5f23d6b12b9c770f54ba90d11,publication_documentation_or_helper
README.md,4151,114cc2cbed67154b79187ae70fd610088ce2fab0ddeef61995113f10260d4828,publication_documentation_or_helper
requirements.txt,317,75343ee84911cedb0d466646d542a2ebf75a65d84aad06b14fb2fefa602d3a27,publication_documentation_or_helper
results/usgs_intra3deg_validation/beta_diagnostic.json,214,03aa3e273b0cdc105b0e88457d8cf7db88a697f3bf45849e318a80ca9a2d8650,processed_intra3deg_validation
results/usgs_intra3deg_validation/independent_numerical_check.json,361,f9ce9442032503baf53e955dc2759594bee4c2d800662fcd0e6c0d810530e255,processed_intra3deg_validation
results/usgs_intra3deg_validation/map_display_scale.json,220,6edde9cdc09120da01ac2514539f461e34dbe5462ae2f9d78b84ba2bc995f7e3,processed_intra3deg_validation
results/usgs_intra3deg_validation/output_hashes.json,5747,93e08e4337c382b0725f934bd0cb6eb72dfd880982eca79322f98a314455e56d,processed_intra3deg_validation
results/usgs_intra3deg_validation/source_bundle/frozen_well_cell_predictions.npz,1955045,c26a6259862233e8387cf45b816df2948445db6fc732bf68ad0f6e98b6c9bb32,processed_well_observations_and_model_series
results/usgs_intra3deg_validation/source_bundle/source_manifest.json,8731,f43c116ea4cb6d92852dc57ac62a5b68d15d8729a712271c59bfcec024426950,processed_well_observations_and_model_series
results/usgs_intra3deg_validation/usgs_sign_and_qc_audit.json,9142,17f91e09479b3498a606795f1d7a04f69d2a1efce94b3fc90d02a7731b4b80cb,processed_intra3deg_validation
results/usgs_intra3deg_validation/validation_manifest.json,21265,fe2f7974d80aac1776677b7157bd176c05bf8bdc5d93634c675fc1f895a906fc,processed_intra3deg_validation
scripts/__init__.py,32,cb673872245e1dda83fc0413a9447848f5811087a7d20f83a5f3d44d90621bfc,article_code
scripts/common.py,15033,e3a03a9330c8aa558d0e5502265797ff918f4371e3c381d5596b7619e0605f0f,article_code
scripts/eval/__init__.py,76,69643e9fbb1854c7ad206c74c346fb20cab54b2f2fd0ad149122c320436fd9b5,article_code
scripts/eval/apply_native_mascon_decomposition.py,13269,2d317bf2b47b59fc62396230cf85c81d7e82b9fba50f61f7f91558f53dc42ad0,article_code_dependency
scripts/eval/common.py,4704,a3483103d475552ae00a0faa46aa1eac6e842a046a6dae990be8f77ef97b5be6,article_code
scripts/eval/evaluate_basin_integrals.py,6914,e9d3ad9e460458ce462029e5287180790b55c2c016427ad7ae453640837a95d8,article_code
scripts/eval/evaluate_by_region.py,7741,ca7c4ad9decbe8331bbf3f3c20b896699ffedb091e0f4f4bec2a95e153ba3e83,article_code
scripts/eval/evaluate_independent_groundwater_gwsa.py,15050,d664799954693de4111702019f042b944ca5bfb9639059d88d5b538f03d774c3,article_code
scripts/eval/evaluate_internal.py,15876,c8471bc7475007c79829124c32dce9b84e5efbd3bb11304304308218e52a2d7d,article_code
scripts/eval/evaluate_smap.py,15163,2097f906d5b96edcc1f7bcc2ce6cc1c6552d3602bed1921db0a71dc42c7d021e,article_code
scripts/eval/extract_intra3deg_sources.py,6516,951c10ecbb84ded0ecb16ac41363376597518af7a4c67c4a1577d8d9aae6f7ef,article_code
scripts/eval/plot_usgs_intra3deg.py,28346,d68712840eda5242f6be9cf8ac2dd97667a39d25b2ecc773e413289e80f9bf90,article_code
scripts/eval/qc_validation_observations.py,5461,043320989cabb0cc01427314dc607bca00fb12b864dbf43efb6e6c05b9f8ecc7,article_code
scripts/eval/run_inference.py,25935,f86402ceaf5a90f79e3d2ecaf962306eb0eec85e80d834699854b27422354d5a,article_code
scripts/eval/run_literature_baselines.py,4747,b872353916469916c7e616885599c1dee68769effbaa9535994bf90e6e244149,article_code
scripts/eval/usgs_intra3deg_validation.py,21468,ac8d874bad15df66d02206f552913633c4f0fbed2385d5dc9f3b83a9622ef57e,article_code
scripts/preprocess/__init__.py,58,7f76eeefff8f328e279646cd436f3834022f9f0b3daff73fe8b4ea416d11b08c,article_code
scripts/preprocess/build_adaptive_weights.py,8370,01028f11192ffcb2fcc66e6efc4948e372f6a828ce269cda16ae28de69c31928,article_code
scripts/preprocess/build_clm5_twsa.py,3762,cc8e058ec9909fc07c666b38d07fd74163846d6f32c3df7e02d905c7cbb9525d,article_code
scripts/preprocess/build_data_driven_alpha_beta.py,24588,f9c04b3e9cccfc6eb46a8a8079855a0a1bef4c07b7852b4a20ed2bc5468b0b4f,article_code
scripts/preprocess/build_gldas_noah_lwsa.py,4703,21d65e0a0d94bdc839a9f0a323d3be4d2d0b02fb5c587f18518937029de8beec,article_code
scripts/preprocess/build_gldas_noah_tws_podaac.py,5387,758e9ad35441e5841fffc54fbb119d73809ba0799cc5d01f41aa2b1a64104694,article_code
scripts/preprocess/build_hydrobasins_basin_ids.py,3836,792c37e16866e7d7f28fd1ffd08da4bc584242c256597e6cdadf9226c06da822,article_code
scripts/preprocess/build_named_basin_masks.py,5641,1b5ba8ec7606d74c351b60d527a7249a23c665785e79a8f0bec3067d67a40428,article_code
scripts/preprocess/build_training_dataset.py,21428,f18a24c163095ca834e1d2edee7ffca60906cc2955c93af12703f5f242da58c1,article_code
scripts/preprocess/compute_anomalies.py,2641,3495c42379268badce43dce9603a6b41250f964f7b648103007af0a7332aea66,article_code
scripts/preprocess/compute_aridity_mask.py,5440,506b4c288db1a2f21db0e26c93694e2eea0c5ac9421bafe88e7300071501cc11,article_code
scripts/preprocess/compute_era5_twsa_cwsc.py,6502,a2309f3c8b3bb6283a13a28db6ca4dda285d201b4b1cbcdbf89aee7ce4921f0f,article_code
scripts/preprocess/compute_wghm_jplm_consistency.py,9864,89df2c00e2b445718fb5daad42d4d740050e6f39c28a251be94c8dfe6a230685,article_code
scripts/preprocess/download_gldas_noah_monthly.py,4748,575b5fb17c1093b2a58662fa1c0ad22e33d0a883a9f35d2e89b3eaee04edc782,article_code
scripts/preprocess/download_gldas_noah_tws_podaac.py,4555,f1ce14836a2482d0362f3186906af750c9f5ea16440d1e19cc020818693203e6,article_code
scripts/preprocess/download_http_ranges.py,4547,b52206356dd54ef6ba6243c4999c6c6fef6f8a576d5a4828f50e44be2ba63d1f,article_code
scripts/preprocess/download_hydrobasins_level04.py,1837,a4d020075198faf23720bc440715736d2c028aedf1b99905a323ed23ce0d11c7,article_code
scripts/preprocess/rasterize_masks.py,13460,8c074861c2a1986ea3da49aec06e0b3fc5d73ab0a6c41b7e8032813d9b32c1f6,article_code
scripts/preprocess/standardize_grid.py,2222,f489e768b13944ef29454ebb71b97e9d3e8a4272af625bb223e0578cd9896bca,article_code
scripts/train/__init__.py,57,f5a7687925b0730d114bf2eac087402298b1b29f2d1f3e39f94c4ed79edb495f,article_code
scripts/train/dataset.py,21888,af355b638ad054cd2b5941bcdb20ff284414f379550631349888492551598b11,article_code
scripts/train/losses.py,18472,c0b6f55e1df06da639770fa1dcf4124be0c653b70711b81453239ca1f0f9da67,article_code
scripts/train/model.py,9904,4d388b39fca0da34ed823ac5335d15e1c19d0248b3c5861be7f2a42f3629ffb1,article_code
scripts/train/train.py,28422,2417383617aa0db6263bbb181a69c2001bddcd5ed6677323942ab4533f65b87b,article_code
tests/__init__.py,64,e53440c8250690e6a1d7934913bf8ca639f790865bc176c50e132b14e6a77f7b,article_code
tests/test_data_driven_alpha_beta.py,4644,4b63c6237b2df2b3dd33e631f6fc15a2ca63436f485c2a05d4f606b56289ac00,article_code
tests/test_mass_projection.py,3349,39c9271fa21027b5d1eae752a2f3cd50d03387023352ea0440cd859a1b91c47d,article_code
tests/test_model_matrix.py,5112,f5e51608eb97f8480a727f45c732e23367b81b1d8969677deb94129801ab5ef5,article_code
tests/test_usgs_intra3deg.py,2884,116c1cfd3aa98d6e94f7a506a4a488cc595b1814eb16adc7048792b1a5c817b9,article_code
tools/prepare_paper_configs.py,1288,79b213943e1cb7d09556a39d1a2001be3ab6ecfaf168e15582a25fa581d76184,publication_documentation_or_helper
tools/verify_intra3deg_results.py,2129,143dd508087e5915876da2259ec2c45b3f9aba9c32ae4774878fa305bf266aee,article_code
tools/verify_publication.py,967,078ffeae64784dc7720e7c3d9246474527ec2e59de4372a08a026a731943142b,publication_documentation_or_helper
utils/__init__.py,72,12da5c0c3023ae365aea70432403ce377aa286a962a561a87c71368791f85a87,article_code
utils/mass_closure.py,17904,b00c6ce97009ea039262e22f5e2f38f7f527b50e7e6d92e7233db7b5ef2aba8c,article_code
utils/native_mascon.py,26054,1b4c005b6bc3841f9d3dd9ae2024a0b7a9a47c9c20944c3b3f40f5d5c898f2df,article_code_dependency
validation_extension_20260908/groundwater/qc.json,732,d5e2c8dd6ff0e20bd69074db8473c8a308fba524981aef8ced53464018e0ec62,processed_well_observations_and_model_series
validation_extension_20260908/groundwater/well_monthly.csv,11768206,c0f1c13217e7e703cee24f307db53be890c16976f66d05882dc0995f8b56b6d7,processed_well_observations_and_model_series
validation_rebuild/audit/audit_gate.json,38,71a42bad2bd509f0da403bde35d4d7afe44f2fdae98bdf3f3ece26748d907eb8,frozen_scientific_provenance
validation_rebuild/audit/checkpoint_manifest.csv,1283,f12f5dc0209a14f5953c5d1c816af55f39997cb0b9a87e04c40ad7672f54d1f2,frozen_scientific_provenance
validation_rebuild/audit/data_manifest.csv,4225,c9d78976e104ef972c1f4ade3576a3a25e11d00492bd4b735d52ec20fad6383e,frozen_scientific_provenance
validation_rebuild/audit/dataset_chunk_hashes.csv,65185,b49dcf85e37a3c7675902de74dea0cd9ab56407e0a7bc60c7e30a2d0a500e209,frozen_scientific_provenance
validation_rebuild/audit/dependency_code_manifest.csv,35807,3843bb7fda9d875c8bbb9dc5086c8d7526edc0f1ab6ad56523e0fc1e0812ab58,frozen_scientific_provenance
validation_rebuild/audit/environment.json,197,a05f65db0cc43a671f1452c0a4a84ad4b478c3484fe21b9dcb94a3dd46f28fa6,frozen_scientific_provenance
validation_rebuild/audit/figure_caption_metadata.json,8652,fb6e2c5cf01c6dbbb62ee81230500d28d61eb8d20f059763618f0da95ddf4fd9,frozen_scientific_provenance
validation_rebuild/audit/figure_contracts.json,11671,f101866968e53255ad8a01e27ba4580847c9e6cab18610fbc8dc67bf354697f1,frozen_scientific_provenance
validation_rebuild/audit/inference_manifest.csv,15090,898ac4e77218c251b443bd21085eb977195aa6f0980f0c119b121e756434763e,frozen_scientific_provenance
validation_rebuild/audit/loss_audit_train_indices.csv,1071,eeadd4ae04f54ecc4654d971de87ccc5a46b65a8e0ba34331add1763a9b05d60,frozen_scientific_provenance
validation_rebuild/audit/mask_manifest.csv,1381,a0aa43fcb21f4124e1e45ceb7fef992a5165579260f78e8e0deb1cd31750e5a4,frozen_scientific_provenance
validation_rebuild/audit/model_manifest.csv,2425,1ad352fd6833c2e02e2ac9f1fa49bf1997fb89895e0095d3ad425bb6d49c5ffe,frozen_scientific_provenance
validation_rebuild/audit/month_split.csv,3723,6761d84c8e6f348c1813fbe97577ebf5e54037a8a2d40edb26ef7b65e4a46e21,frozen_scientific_provenance
validation_rebuild/audit/new_code_manifest.csv,1803,79b037a7c7a091fc5f25cf526f8a47dc246d71fae6ed15d4007b86801e8ab58c,frozen_scientific_provenance
validation_rebuild/audit/spectral_HFI_definition.json,304,cdc8d2b19aaa283e5238525a5943a954ab1e5d086bf01e235a3c7b468aa924c1,frozen_scientific_provenance
validation_rebuild/audit/strata_and_spectrum_definition.json,755,8eb099889cf662d5558352ddf455786481c7ba0ab774c467e1530787d3e7d636,frozen_scientific_provenance
validation_rebuild/cache/coarse_diagnostics.nc,4220392,04d58e3948baf5b62a7f6347561c16c2ee6efc401e51047bd88415477ec89fc5,processed_validation_arrays
validation_rebuild/cache/common_fine_mask.npy,9331328,18d12c8ed631cfe1760b34b2ba2a7199bcad2ff84f20b4462c653c856a907e4e,processed_validation_arrays
validation_rebuild/cache/groundwater_bootstrap_M4_M0.npy,16128,9b3ea4580c0df6b2b3e44a8d5bf4b6f1f9c41110f02f45e16fbb73418c492b1e,processed_validation_arrays
validation_rebuild/cache/groundwater_bootstrap_M4_M1.npy,16128,ab44e4521fbab18a0a12fb0eff6ace8d0c72619abf5d3f7bf66a891c7f54a598,processed_validation_arrays
validation_rebuild/cache/groundwater_bootstrap_M4_M2.npy,16128,91982f2f6270edd68e48b9d39653557404064cc64785ae672f6c1dea37a164e5,processed_validation_arrays
validation_rebuild/cache/groundwater_bootstrap_M4_M3.npy,16128,a17be658f0a75fd8fcc1b6be082cc59fed72d94b8b3104e5df269dd063f6d025,processed_validation_arrays
validation_rebuild/cache/groundwater_bootstrap_M4_MLR_DS.npy,16128,d86a877008908df22172351ea610f0dd9e2492a127b5fcf5fb8fca08e166dcf7,processed_validation_arrays
validation_rebuild/cache/groundwater_bootstrap_M4_RF_DS.npy,16128,986f8b2d4f7604f810891d7d28cca320e1bc2964f2848423449190e9b8a9c6bb,processed_validation_arrays
validation_rebuild/cache/HFI_highpass_energy.npy,2073728,efe04a376e374a5ab04d0c2125a727cc50047144e571ac8c5b63c8fd222d0025,processed_validation_arrays
validation_rebuild/cache/highpass_rms.npz,4189518,1e8b086b0352c748a95517c43c121b9d7fee89615132e5efafe5b3d96534dbb7,processed_validation_arrays
validation_rebuild/cache/joint_bootstrap_0_0_M0.npy,16128,f9b6965397debe4a2cce0b723b4560e7bf32c06486184bbf4ec4b8b7fb7b7cb6,processed_validation_arrays
validation_rebuild/cache/joint_bootstrap_0_0_M1.npy,16128,f9b6965397debe4a2cce0b723b4560e7bf32c06486184bbf4ec4b8b7fb7b7cb6,processed_validation_arrays
validation_rebuild/cache/joint_bootstrap_0_0_M2.npy,16128,f9b6965397debe4a2cce0b723b4560e7bf32c06486184bbf4ec4b8b7fb7b7cb6,processed_validation_arrays
validation_rebuild/cache/joint_bootstrap_0_0_M3.npy,16128,f9b6965397debe4a2cce0b723b4560e7bf32c06486184bbf4ec4b8b7fb7b7cb6,processed_validation_arrays
validation_rebuild/cache/joint_bootstrap_0_1_M0.npy,16128,0389436962f0d8345f303934cd5891bd4cf0294b1981793d898273b13e1b7d33,processed_validation_arrays
validation_rebuild/cache/joint_bootstrap_0_1_M1.npy,16128,f7590e1b4a579d29c5b0853bafccba7eb3c99c0714a2dde5d77585228efd5df9,processed_validation_arrays
validation_rebuild/cache/joint_bootstrap_0_1_M2.npy,16128,442738214b2daacc60d04e3a601855245abde334ab961d46960c46ac6e593576,processed_validation_arrays
validation_rebuild/cache/joint_bootstrap_0_1_M3.npy,16128,4d1e72a09939f89fd239c5f96725293fd5bdb62a683310f15dbec4b6acadef28,processed_validation_arrays
validation_rebuild/cache/joint_bootstrap_0_2_M0.npy,16128,495fa7e9a618c0be7694f1531f0cf703907de1e18ab6d137b0ff48de610218ad,processed_validation_arrays
validation_rebuild/cache/joint_bootstrap_0_2_M1.npy,16128,962af047ca3656114072b6732f7543d6d6d38c353d5bf3f2ff3eacf80ba7ac83,processed_validation_arrays
validation_rebuild/cache/joint_bootstrap_0_2_M2.npy,16128,04d9defcb659747d3ac64c5a3db91b2a8cb263b898ffcf3cfd446517644fbb26,processed_validation_arrays
validation_rebuild/cache/joint_bootstrap_0_2_M3.npy,16128,42954ac922496203a53594324ad1817fc73f816d4795be021e8240bdeb27a1c8,processed_validation_arrays
validation_rebuild/cache/joint_bootstrap_1_0_M0.npy,16128,15a7211f986a33cb84159e2edaf82e988ab3d15fd23c3d0064763ce79c243cde,processed_validation_arrays
validation_rebuild/cache/joint_bootstrap_1_0_M1.npy,16128,b55c9bb28bfc1696590ce7c2028da4826241f7899b4ddc6bf9e25b6116373d09,processed_validation_arrays
validation_rebuild/cache/joint_bootstrap_1_0_M2.npy,16128,2e2b70981f249fadedf316cdac5b7446c502aa1e7c804df4c36a1c7541979ae4,processed_validation_arrays
validation_rebuild/cache/joint_bootstrap_1_0_M3.npy,16128,a0ff720f62898940df2a1735daff40196fe24015248eee40787141e2af6db374,processed_validation_arrays
validation_rebuild/cache/joint_bootstrap_1_1_M0.npy,16128,2843752177709a04a03c90a69367db09d30f415d3a3dedfe6f566c06aa62567f,processed_validation_arrays
validation_rebuild/cache/joint_bootstrap_1_1_M1.npy,16128,2fd19ea78ad5fa78ac671584c5f298500d9d20af585d9faf617cd6a764d26d93,processed_validation_arrays
validation_rebuild/cache/joint_bootstrap_1_1_M2.npy,16128,16559772677e697fe94b0843b824f808a4a62fb6531cdf74ddd4bef7d4226178,processed_validation_arrays
validation_rebuild/cache/joint_bootstrap_1_1_M3.npy,16128,53997c8131d0b05494d7a1b845195a0e3d4b46ad703aa9d111604daf9c8ab021,processed_validation_arrays
validation_rebuild/cache/joint_bootstrap_1_2_M0.npy,16128,9c2d79672cb8ed2923b74f078bc106f7358671343a0c2ae8c5dfcdfead964976,processed_validation_arrays
validation_rebuild/cache/joint_bootstrap_1_2_M1.npy,16128,cdfe60a57795e165cb24f366e09e9a98f6d560b91830c8885c223a8af3ab9a63,processed_validation_arrays
validation_rebuild/cache/joint_bootstrap_1_2_M2.npy,16128,df3aa59216a7c4e1b119369350afb4fbef35feefef1adc86a1c27a4847008348,processed_validation_arrays
validation_rebuild/cache/joint_bootstrap_1_2_M3.npy,16128,8ef4a54b0750be06745ca1b0e60bf6f48cc1996827fa1ac769f4a3be91583175,processed_validation_arrays
validation_rebuild/cache/joint_bootstrap_2_0_M0.npy,16128,979599cc718c35d0cecd5495dd34c205aa2ff5b7929dbd26ed12866639678d1f,processed_validation_arrays
validation_rebuild/cache/joint_bootstrap_2_0_M1.npy,16128,20edce4016649206834ffde7172e1c345f266b3afc7a5412142ba8a5f8466b73,processed_validation_arrays
validation_rebuild/cache/joint_bootstrap_2_0_M2.npy,16128,93fff008a21cc48fa1eef4a815e9e42b8ca47596803e7fa47bd4a627f52dbbf3,processed_validation_arrays
validation_rebuild/cache/joint_bootstrap_2_0_M3.npy,16128,6a539e2021ff6b5d48ad94dd4088fe0eac3712f4dc863d39da383ed198d70dd3,processed_validation_arrays
validation_rebuild/cache/joint_bootstrap_2_1_M0.npy,16128,bd1a51637c11ef9b6b5d39126b97461819f797aa17aff3798b37cd0edac4c6ed,processed_validation_arrays
validation_rebuild/cache/joint_bootstrap_2_1_M1.npy,16128,c2bf4b0dec60040eeec67e06bc0dde6983bc9abe894ef3431b8ffff8c1bd30e9,processed_validation_arrays
validation_rebuild/cache/joint_bootstrap_2_1_M2.npy,16128,a7389a0dd69c5b0e50e75f6c13cc238929a652d25f612cc0f7f04a147fcbfabd,processed_validation_arrays
validation_rebuild/cache/joint_bootstrap_2_1_M3.npy,16128,7cc15a3721d56cb76e26bbda559e3b29043e0c9d21bd723b8130151bc6119bcb,processed_validation_arrays
validation_rebuild/cache/joint_bootstrap_2_2_M0.npy,16128,b63866e1af5f7f7678557206eea60af287a73f5a84795ee490f1df7745a01d9a,processed_validation_arrays
validation_rebuild/cache/joint_bootstrap_2_2_M1.npy,16128,56b6364427dcd3437d45a7d5d6762002b12a40c17eae66a27fb714c2a129a96b,processed_validation_arrays
validation_rebuild/cache/joint_bootstrap_2_2_M2.npy,16128,c81b4296bbd52b6cc24bd322f74cf2ead9aaf65fdb071f69e965e7d7b291840b,processed_validation_arrays
validation_rebuild/cache/joint_bootstrap_2_2_M3.npy,16128,b4af6b30515c4b787daa5b6c8620415fcc8db67cf2c669d2832bc23b01e78a50,processed_validation_arrays
validation_rebuild/cache/rebuilt_weights/alpha_data_driven.nc,3577303,e68cd4c9f248e6c97ff00b77c16fdb54749108c428de55de75884d692d4d972f,processed_weight_reproduction_data
validation_rebuild/cache/rebuilt_weights/beta_data_driven.nc,9103896,757715d20afd21f87e880e623de0dfc6ac34643a7c7c6d04200b21f5fe175f6e,processed_weight_reproduction_data
validation_rebuild/cache/rebuilt_weights/beta_source_count.nc,2359556,503cbb27ee12007f8fe20896b3c458042b7a066d1b9528f8ae3ba17eceb580d6,processed_weight_reproduction_data
validation_rebuild/cache/rebuilt_weights/weight_generation_metadata.json,6784,3ce85be6bedc5e69b5467ed5febf5a2f88c69d2a39ec9d7e28c297d17232ebfd,processed_weight_reproduction_data
validation_rebuild/cache/smap_bootstrap_M4_M0.npy,16128,7dac8623efd14f3055dfb03bd420b4489c66e0ec7fdfad63c5840466c0f403e0,processed_validation_arrays
validation_rebuild/cache/smap_bootstrap_M4_M1.npy,16128,96671add1122178feb983cfefee70491c386337b69340c2050567eb5f119d3ec,processed_validation_arrays
validation_rebuild/cache/smap_bootstrap_M4_M2.npy,16128,0c0d3511cb20cd7c4af4b3201d854e17e28ca3cb689a4ea3513f40592b4df2ef,processed_validation_arrays
validation_rebuild/cache/smap_bootstrap_M4_M3.npy,16128,e27edc7fd193e2f7c604a88e0a8cef16c86332bf103a798d7d49936f99082219,processed_validation_arrays
validation_rebuild/cache/smap_bootstrap_M4_MLR_DS.npy,16128,714885148c971a9da83d20b8006eda58b38df4614d5073750410992aebb1f6b1,processed_validation_arrays
validation_rebuild/cache/smap_bootstrap_M4_RF_DS.npy,16128,922ee7349a2fb4e40d92e3e07704926816d867b44a673a29a295a3b3a4cf88c1,processed_validation_arrays
validation_rebuild/cache/spatial_snapshots.nc,56019412,1ad56843af571e2e1fae7f3d359081b795065d956a56ece77e4a309c1f9403ff,processed_validation_arrays
validation_rebuild/scripts/additional_diagnostics.py,3661,9e7bf91813f70300336bb08cb8b867eaa597f905b525f869ae2380fa7a2d9d4a,article_code
validation_rebuild/scripts/evaluation_core.py,5115,dec1e7db2e3f81ad70d9ae45692fa50ae9d660ad018bc1959adb1fc4489e3143,article_code
validation_rebuild/scripts/loss_scale_checkpoint_audit.py,2086,80dba92f1296d6149c83e03b600f4b0b3de646de9310a696e30a2953f5892b83,article_code
validation_rebuild/scripts/recompute_metrics.py,11936,dcd1ba7fdf6ae877c2128403b335d008725b729f419e28b76039cb6d613b5aef,article_code
validation_rebuild/scripts/redesign_maps_20260917.py,11807,b52b0a5eff051e80a2f3de17d42b23ab3c0ce0f8b06d556e65d6d81434a14c59,article_code
validation_rebuild/scripts/render_figures.py,29755,ada71e9db0fd3d16ada8d1419db1ed378f95a374b2fc0c0c1f3f033e3804d99b,article_code
validation_rebuild/scripts/test_evaluation_core.py,1415,d2c3337d6f7c0b817c798c3f79af3ab14a0dfd16caba2bb22c646eae11f1e7fe,article_code
validation_rebuild/scripts/weight_diagnostics.py,2934,85a1a70ed87d1937d98301a9053ad962c3ff8d6013dcb85e6be62500efbed594,article_code
